Año;Secretaría;Dane Institución;Nombre Institución;Consecutivo Sede;Nombre Sede;Jornada;Calendario;Grado;Sector;Grupo;Modelo Educativo;Tipo;Doc;Primer Apellido;Segundo Apellido;Primer Nombre;Segundo Nombre;Estado;Matricula Contratada;Fuente Recursos
2018;TIMANÁ;241807000079;IE CASCAJAL;24180700007905;LA ESPERANZA;COMPLETA;A;GRADO 0;OFICIAL;0001;ESCUELA NUEVA;RC:REGISTRO CIVIL DE NACIMIENTO;1144629422;CALDERON;SUAREZ;JHOHAN;DAVID;MATRICULADO;N;SGP
2018;TIMANÁ;241807000079;IE CASCAJAL;24180700007905;LA ESPERANZA;COMPLETA;A;GRADO 0;OFICIAL;0001;ESCUELA NUEVA;RC:REGISTRO CIVIL DE NACIMIENTO;1144630346;GUTIERREZ;OLAVE;JULIAN;DAVID;MATRICULADO;N;SGP
2018;TIMANÁ;241807000079;IE CASCAJAL;24180700007905;LA ESPERANZA;COMPLETA;A;GRADO 0;OFICIAL;0001;ESCUELA NUEVA;RC:REGISTRO CIVIL DE NACIMIENTO;1144630718;GUTIERREZ;QUIROGA;NICOLAS;;MATRICULADO;N;SGP
2018;TIMANÁ;241807000079;IE CASCAJAL;24180700007905;LA ESPERANZA;COMPLETA;A;GRADO 0;OFICIAL;0001;ESCUELA NUEVA;RC:REGISTRO CIVIL DE NACIMIENTO;1144630436;PEREZ;JIMENEZ;HELEN;YULIANA;MATRICULADO;N;SGP
2018;TIMANÁ;241807000079;IE CASCAJAL;24180700007905;LA ESPERANZA;COMPLETA;A;GRADO 0;OFICIAL;0001;ESCUELA NUEVA;RC:REGISTRO CIVIL DE NACIMIENTO;1080935259;SABI;GUTIERREZ;SANTIAGO;;MATRICULADO;N;SGP
2018;TIMANÁ;241807000079;IE CASCAJAL;24180700007905;LA ESPERANZA;COMPLETA;A;GRADO 0;OFICIAL;0001;ESCUELA NUEVA;RC:REGISTRO CIVIL DE NACIMIENTO;1029965164;STERLING;QUIROGA;SKARLETT;XIMENA;MATRICULADO;N;SGP
2018;TIMANÁ;241807000079;IE CASCAJAL;24180700007905;LA ESPERANZA;COMPLETA;A;PRIMERO;OFICIAL;0101;ESCUELA NUEVA;RC:REGISTRO CIVIL DE NACIMIENTO;1045728016;CHAMBO;BENAVIDES;ANDRES;SANTIAGO;MATRICULADO;N;SGP
2018;TIMANÁ;241807000079;IE CASCAJAL;24180700007905;LA ESPERANZA;COMPLETA;A;PRIMERO;OFICIAL;0101;ESCUELA NUEVA;RC:REGISTRO CIVIL DE NACIMIENTO;1144628289;PEREZ;JIMENEZ;JUAN;CAMILO;MATRICULADO;N;SGP
2018;TIMANÁ;241807000079;IE CASCAJAL;24180700007905;LA ESPERANZA;COMPLETA;A;PRIMERO;OFICIAL;0101;ESCUELA NUEVA;RC:REGISTRO CIVIL DE NACIMIENTO;1144628602;STERLING;CARVAJAL;JHONATAN;;MATRICULADO;N;SGP
2018;TIMANÁ;241807000079;IE CASCAJAL;24180700007905;LA ESPERANZA;COMPLETA;A;PRIMERO;OFICIAL;0101;ESCUELA NUEVA;RC:REGISTRO CIVIL DE NACIMIENTO;1080934777;TRIVIÑO;TORRES;JHIMER;;MATRICULADO;N;SGP
2018;TIMANÁ;241807000079;IE CASCAJAL;24180700007905;LA ESPERANZA;COMPLETA;A;SEGUNDO;OFICIAL;0201;ESCUELA NUEVA;RC:REGISTRO CIVIL DE NACIMIENTO;1145826375;CHAMBO;BENAVIDES;YEIMI;TATIANA;MATRICULADO;N;SGP
2018;TIMANÁ;241807000079;IE CASCAJAL;24180700007905;LA ESPERANZA;COMPLETA;A;SEGUNDO;OFICIAL;0201;ESCUELA NUEVA;RC:REGISTRO CIVIL DE NACIMIENTO;1118372223;GALINDEZ;GOMEZ;ERIKA;MILETH;MATRICULADO;N;SGP
2018;TIMANÁ;241807000079;IE CASCAJAL;24180700007905;LA ESPERANZA;COMPLETA;A;SEGUNDO;OFICIAL;0201;ESCUELA NUEVA;RC:REGISTRO CIVIL DE NACIMIENTO;1084254228;TORRES;TRIANA;DANNA;YULENY;MATRICULADO;N;SGP
2018;TIMANÁ;241807000079;IE CASCAJAL;24180700007905;LA ESPERANZA;COMPLETA;A;SEGUNDO;OFICIAL;0201;ESCUELA NUEVA;RC:REGISTRO CIVIL DE NACIMIENTO;1083901888;TRIVIÑO;TORRES;INDIRA;MICHELLE;MATRICULADO;N;SGP
2018;TIMANÁ;241807000079;IE CASCAJAL;24180700007905;LA ESPERANZA;COMPLETA;A;TERCERO;OFICIAL;0301;ESCUELA NUEVA;RC:REGISTRO CIVIL DE NACIMIENTO;1144625732;CESPEDES;GUTIERREZ;DIEGO;;MATRICULADO;N;SGP
2018;TIMANÁ;241807000079;IE CASCAJAL;24180700007905;LA ESPERANZA;COMPLETA;A;TERCERO;OFICIAL;0301;ESCUELA NUEVA;RC:REGISTRO CIVIL DE NACIMIENTO;1144627120;SABI;GUTIERREZ;YESENIA;;MATRICULADO;N;SGP
2018;TIMANÁ;241807000079;IE CASCAJAL;24180700007905;LA ESPERANZA;COMPLETA;A;TERCERO;OFICIAL;0301;ESCUELA NUEVA;RC:REGISTRO CIVIL DE NACIMIENTO;1083894944;SUAREZ;GUZMAN;ANDRES;;MATRICULADO;N;SGP
2018;TIMANÁ;241807000079;IE CASCAJAL;24180700007905;LA ESPERANZA;COMPLETA;A;QUINTO;OFICIAL;0501;ESCUELA NUEVA;RC:REGISTRO CIVIL DE NACIMIENTO;1077855983;BARRERA;RAMIREZ;CARLOS;ANDRES;MATRICULADO;N;SGP
2018;TIMANÁ;241807000079;IE CASCAJAL;24180700007905;LA ESPERANZA;COMPLETA;A;QUINTO;OFICIAL;0501;ESCUELA NUEVA;RC:REGISTRO CIVIL DE NACIMIENTO;1083881201;CALDERON;SUAREZ;IVAN;;MATRICULADO;N;SGP
2018;TIMANÁ;241807000079;IE CASCAJAL;24180700007905;LA ESPERANZA;COMPLETA;A;QUINTO;OFICIAL;0501;ESCUELA NUEVA;RC:REGISTRO CIVIL DE NACIMIENTO;1083885089;RODRIGUEZ;ROJAS;GABRIEL;MATEO;MATRICULADO;N;SGP
