Año;Secretaría;Dane Institución;Nombre Institución;Consecutivo Sede;Nombre Sede;Jornada;Calendario;Grado;Sector;Grupo;Modelo Educativo;Tipo;Doc;Primer Apellido;Segundo Apellido;Primer Nombre;Segundo Nombre;Estado;Matricula Contratada;Fuente Recursos
2018;TIMANÁ;241807000079;IE CASCAJAL;24180700007904;LA FLORIDA;COMPLETA;A;PRIMERO;OFICIAL;0101;ESCUELA NUEVA;RC:REGISTRO CIVIL DE NACIMIENTO;1080934963;CALDERON;CALDERON;MARIA;LISETH;MATRICULADO;N;SGP
2018;TIMANÁ;241807000079;IE CASCAJAL;24180700007904;LA FLORIDA;COMPLETA;A;PRIMERO;OFICIAL;0101;ESCUELA NUEVA;RC:REGISTRO CIVIL DE NACIMIENTO;1080934478;GARAVITO;CARVAJAL;CARLOS;GERARDO;MATRICULADO;N;SGP
2018;TIMANÁ;241807000079;IE CASCAJAL;24180700007904;LA FLORIDA;COMPLETA;A;PRIMERO;OFICIAL;0101;ESCUELA NUEVA;RC:REGISTRO CIVIL DE NACIMIENTO;1080934857;MORALES;MAMIAN;DANIEL;;MATRICULADO;N;SGP
2018;TIMANÁ;241807000079;IE CASCAJAL;24180700007904;LA FLORIDA;COMPLETA;A;PRIMERO;OFICIAL;0101;ESCUELA NUEVA;RC:REGISTRO CIVIL DE NACIMIENTO;1080934250;ORTIZ;JOAQUI;MAIKOL;ALEJANDRO;MATRICULADO;N;SGP
2018;TIMANÁ;241807000079;IE CASCAJAL;24180700007904;LA FLORIDA;COMPLETA;A;PRIMERO;OFICIAL;0101;ESCUELA NUEVA;RC:REGISTRO CIVIL DE NACIMIENTO;1083907462;SALAMANCA;ROMERO;LUIS;SANTIAGO;MATRICULADO;N;SGP
2018;TIMANÁ;241807000079;IE CASCAJAL;24180700007904;LA FLORIDA;COMPLETA;A;PRIMERO;OFICIAL;0101;ESCUELA NUEVA;RC:REGISTRO CIVIL DE NACIMIENTO;1083903127;STERLING;TAPIERO;YENIFER;;MATRICULADO;N;SGP
2018;TIMANÁ;241807000079;IE CASCAJAL;24180700007904;LA FLORIDA;COMPLETA;A;SEGUNDO;OFICIAL;0201;ESCUELA NUEVA;RC:REGISTRO CIVIL DE NACIMIENTO;1080933352;CALDERON;CALDERON;MARLON;;MATRICULADO;N;SGP
2018;TIMANÁ;241807000079;IE CASCAJAL;24180700007904;LA FLORIDA;COMPLETA;A;SEGUNDO;OFICIAL;0201;ESCUELA NUEVA;RC:REGISTRO CIVIL DE NACIMIENTO;1083894313;GOMEZ;JOVEN;JESUS;DAVID;MATRICULADO;N;SGP
2018;TIMANÁ;241807000079;IE CASCAJAL;24180700007904;LA FLORIDA;COMPLETA;A;SEGUNDO;OFICIAL;0201;ESCUELA NUEVA;RC:REGISTRO CIVIL DE NACIMIENTO;1083898273;MURCIA;MUÑOZ;AILYN;YULIANA;MATRICULADO;N;SGP
2018;TIMANÁ;241807000079;IE CASCAJAL;24180700007904;LA FLORIDA;COMPLETA;A;TERCERO;OFICIAL;0301;ESCUELA NUEVA;TI:TARJETA DE IDENTIDAD;1019607281;FIGUEROA;RUGE;JOAN;SANTIAGO;MATRICULADO;N;SGP
2018;TIMANÁ;241807000079;IE CASCAJAL;24180700007904;LA FLORIDA;COMPLETA;A;TERCERO;OFICIAL;0301;ESCUELA NUEVA;RC:REGISTRO CIVIL DE NACIMIENTO;1084333311;MOTTA;VARGAS;YURI;GRACIELA;MATRICULADO;N;SGP
2018;TIMANÁ;241807000079;IE CASCAJAL;24180700007904;LA FLORIDA;COMPLETA;A;TERCERO;OFICIAL;0301;ESCUELA NUEVA;RC:REGISTRO CIVIL DE NACIMIENTO;1083893905;OME;MOTTA;MELITZA;;MATRICULADO;N;SGP
2018;TIMANÁ;241807000079;IE CASCAJAL;24180700007904;LA FLORIDA;COMPLETA;A;TERCERO;OFICIAL;0301;ESCUELA NUEVA;TI:TARJETA DE IDENTIDAD;1059359396;ORTIZ;JOAQUI;JHEILIN;DEL PILAR;MATRICULADO;N;SGP
2018;TIMANÁ;241807000079;IE CASCAJAL;24180700007904;LA FLORIDA;COMPLETA;A;CUARTO;OFICIAL;0401;ESCUELA NUEVA;RC:REGISTRO CIVIL DE NACIMIENTO;1144625119;CALDERON;CALDERON;KAROL;YULIANI;MATRICULADO;N;SGP
2018;TIMANÁ;241807000079;IE CASCAJAL;24180700007904;LA FLORIDA;COMPLETA;A;CUARTO;OFICIAL;0401;ESCUELA NUEVA;RC:REGISTRO CIVIL DE NACIMIENTO;1144625166;GARZON;STERLING;JORGE;EDUARDO;MATRICULADO;N;SGP
2018;TIMANÁ;241807000079;IE CASCAJAL;24180700007904;LA FLORIDA;COMPLETA;A;CUARTO;OFICIAL;0401;ESCUELA NUEVA;RC:REGISTRO CIVIL DE NACIMIENTO;1080933028;GUTIERREZ;MUÑOZ;ROQUE;;MATRICULADO;N;SGP
2018;TIMANÁ;241807000079;IE CASCAJAL;24180700007904;LA FLORIDA;COMPLETA;A;CUARTO;OFICIAL;0401;ESCUELA NUEVA;RC:REGISTRO CIVIL DE NACIMIENTO;1083891278;MURCIA;MUÑOZ;KEVIN;ANDRES;MATRICULADO;N;SGP
2018;TIMANÁ;241807000079;IE CASCAJAL;24180700007904;LA FLORIDA;COMPLETA;A;CUARTO;OFICIAL;0401;ESCUELA NUEVA;RC:REGISTRO CIVIL DE NACIMIENTO;1083888778;MUÑOZ;MEDINA;ARGEMIRO;;MATRICULADO;N;SGP
2018;TIMANÁ;241807000079;IE CASCAJAL;24180700007904;LA FLORIDA;COMPLETA;A;CUARTO;OFICIAL;0401;ESCUELA NUEVA;RC:REGISTRO CIVIL DE NACIMIENTO;1083888779;MUÑOZ;MEDINA;DANIELA;;MATRICULADO;N;SGP
2018;TIMANÁ;241807000079;IE CASCAJAL;24180700007904;LA FLORIDA;COMPLETA;A;CUARTO;OFICIAL;0401;ESCUELA NUEVA;RC:REGISTRO CIVIL DE NACIMIENTO;1144625452;PINZON;PEREZ;ALEXANDER;;MATRICULADO;N;SGP
2018;TIMANÁ;241807000079;IE CASCAJAL;24180700007904;LA FLORIDA;COMPLETA;A;CUARTO;OFICIAL;0401;ESCUELA NUEVA;TI:TARJETA DE IDENTIDAD;1083885890;ROMERO;PRIETO;JUAN;SEBASTIAN;MATRICULADO;N;SGP
2018;TIMANÁ;241807000079;IE CASCAJAL;24180700007904;LA FLORIDA;COMPLETA;A;QUINTO;OFICIAL;0501;ESCUELA NUEVA;RC:REGISTRO CIVIL DE NACIMIENTO;1083882757;ARTUNDUAGA;MURCIA;EYNER;SEBASTIAN;MATRICULADO;N;SGP
2018;TIMANÁ;241807000079;IE CASCAJAL;24180700007904;LA FLORIDA;COMPLETA;A;QUINTO;OFICIAL;0501;ESCUELA NUEVA;RC:REGISTRO CIVIL DE NACIMIENTO;1083876514;CALDERON;CALDERON;BAIRON;ANDRES;MATRICULADO;N;SGP
2018;TIMANÁ;241807000079;IE CASCAJAL;24180700007904;LA FLORIDA;COMPLETA;A;QUINTO;OFICIAL;0501;ESCUELA NUEVA;RC:REGISTRO CIVIL DE NACIMIENTO;1080933367;GARAVITO;CARVAJAL;LUCERO;;MATRICULADO;N;SGP
2018;TIMANÁ;241807000079;IE CASCAJAL;24180700007904;LA FLORIDA;COMPLETA;A;QUINTO;OFICIAL;0501;ESCUELA NUEVA;RC:REGISTRO CIVIL DE NACIMIENTO;1080933025;GUTIERREZ;HERRERA;LAURA;DANIELA;MATRICULADO;N;SGP
2018;TIMANÁ;241807000079;IE CASCAJAL;24180700007904;LA FLORIDA;COMPLETA;A;QUINTO;OFICIAL;0501;ESCUELA NUEVA;TI:TARJETA DE IDENTIDAD;1080931508;GUTIERREZ;ROMERO;SEBASTIAN;;MATRICULADO;N;SGP
